decode_name,avg_rm_score,avg_repetition_ratio,avg_char_length
creative_decode,13.708261966705322,0.028508652057454897,184.125
safer_decode,13.220582127571106,0.016035595903626382,160.0
baseline_decode,12.504971385002136,0.01781631097560976,153.625
