model,overlap_score,repetition_ratio,char_length,avg_rm_score
base,0.00832401516612043,0.012300194931773877,120.1,6.199035473167896
ppo,0.0914864083285136,0.033201792028011545,148.7,12.80156672000885
sft,0.043888424377554816,0.017131205878392685,157.8,13.61490124464035
